<?xml version="1.0" encoding="UTF-8"?>
<!DOCTYPE hibernate-mapping
        SYSTEM
        "http://www.hibernate.org/dtd/hibernate-mapping-3.0.dtd" >
        <hibernate-mapping>
        <class name="com.businesslogic.Product" table="Product">
           
            
        
        <id name="pNo" column="pNo">
       <generator class="increment"/>
        </id>
        <property name="name" length="20"></property>
        <property name="Price" ></property>
        </class>   
        
        </hibernate-mapping>